Timestamp,Date_Time,Probability
1747106087.6864302,2025-05-13 12:14:47.686430,0.5429108738899231
1747106087.919889,2025-05-13 12:14:47.919889,0.692119300365448
1747106088.153523,2025-05-13 12:14:48.153523,0.7143120765686035
1747106088.3866835,2025-05-13 12:14:48.386683,0.6345470547676086
1747106488.713878,2025-05-13 12:21:28.713878,0.9142728447914124
1747106511.7807617,2025-05-13 12:21:51.780762,0.9643539190292358
1747106512.0134592,2025-05-13 12:21:52.013459,0.7015429139137268
1747106512.2467809,2025-05-13 12:21:52.246781,0.9170990586280823
1747106512.480083,2025-05-13 12:21:52.480083,0.8736934661865234
1747106553.0093634,2025-05-13 12:22:33.009363,0.6312221884727478
1747959985.8666732,2025-05-23 09:26:25.866673,0.801879346370697
